{"cameraMode":{"drawMode":0,"name":"Shaded","section":"Shading Mode"},"sceneLighting":true,"audioPlay":false,"sceneViewState":{"showFog":true,"showMaterialUpdate":false,"showSkybox":true,"showFlares":true,"showImageEffects":true,"showParticleSystems":true},"in2DMode":false,"pivot":{"x":2.7394862174987795,"y":5.917677402496338,"z":8.855979919433594},"rotation":{"x":0.002864890033379197,"y":0.9971339702606201,"z":-0.054207202047109607,"w":0.05269870534539223},"size":7.140312671661377,"orthographic":false}