{"cameraMode":{"drawMode":0,"name":"Shaded","section":"Shading Mode"},"sceneLighting":true,"audioPlay":false,"sceneViewState":{"showFog":true,"showMaterialUpdate":false,"showSkybox":true,"showFlares":true,"showImageEffects":true,"showParticleSystems":true},"in2DMode":false,"pivot":{"x":6.574368953704834,"y":8.669624328613282,"z":-1.9460136890411378},"rotation":{"x":0.01097841840237379,"y":-0.971716582775116,"z":0.23134304583072663,"w":0.04611770063638687},"size":4.699604034423828,"orthographic":false}