{"cameraMode":{"drawMode":0,"name":"Shaded","section":"Shading Mode"},"sceneLighting":true,"audioPlay":false,"sceneViewState":{"showFog":true,"showMaterialUpdate":false,"showSkybox":true,"showFlares":true,"showImageEffects":true,"showParticleSystems":true},"in2DMode":false,"pivot":{"x":-3.3194773197174074,"y":0.0003367811441421509,"z":-3.365891456604004},"rotation":{"x":-0.0057936059311032299,"y":0.99419766664505,"z":-0.07802395522594452,"w":-0.07382221519947052},"size":15.681570053100586,"orthographic":false}