{"cameraMode":{"drawMode":0,"name":"Shaded","section":"Shading Mode"},"sceneLighting":true,"audioPlay":false,"sceneViewState":{"showFog":true,"showMaterialUpdate":false,"showSkybox":true,"showFlares":true,"showImageEffects":true,"showParticleSystems":true},"in2DMode":false,"pivot":{"x":2.1089415550231935,"y":10.725699424743653,"z":-1.3204442262649537},"rotation":{"x":0.001536668511107564,"y":-0.995352029800415,"z":-0.01610996015369892,"w":-0.09493406116962433},"size":3.4891915321350099,"orthographic":false}